method,seed,best_score,T,D,v_mean_kmh,P_DNF,gates_missed,hard_dnf,evals,wall_clock_s
adam,0,60.593196868896484,59.22904586791992,938.28955078125,57.03016662597656,0.0692429056391799,0,False,199998.0,883.163
adam,1,60.447391510009766,59.085025787353516,937.82568359375,57.140915679931645,0.06865043994130256,0,False,199998.0,1026.471
adam,2,60.36481475830078,58.99552917480469,937.4649658203125,57.20558738708496,0.0686893396952674,0,False,199998.0,725.067
adam_restarts,0,60.617774963378906,59.24678039550781,937.6574096679688,56.97468566894531,0.06965410376150749,0,False,199996.0,212.352
adam_restarts,1,60.45890426635742,59.06550598144531,937.2661743164062,57.12569618225098,0.07014724768257748,0,False,199996.0,193.246
adam_restarts,2,60.275325775146484,58.89361572265625,937.1509399414062,57.285382461547854,0.0689631671313806,0,False,199996.0,290.004
cmaes,0,65.0046157836914,63.13711166381836,935.4212646484375,53.33656311035156,0.11825073924161486,0,False,200000.0,61.833
cmaes,1,61.298728942871094,59.568565368652344,933.46826171875,56.413744354248045,0.08936313173878659,3,False,200000.0,65.449
cmaes,2,69.75746154785156,68.060546875,937.6719970703125,49.59729766845703,0.1561122235316359,8,False,200000.0,63.654
cmaes_smooth,0,58.7391471862793,57.333988189697266,935.7431640625,58.75529479980469,0.06506978094185653,0,False,200000.0,76.15
cmaes_smooth,1,59.00139236450195,57.61653518676758,935.3326416015625,58.44151153564453,0.06497637222646198,0,False,200000.0,103.448
cmaes_smooth,2,60.05859375,58.72997283935547,937.1774291992188,57.446623992919925,0.06577353268116536,0,False,200000.0,90.098
fall_line,0,1141.449951171875,29.117294311523438,877.0,108.43040313720704,0.7778639445306244,27,False,1.0,1.977
fall_line,1,1141.449951171875,29.117294311523438,877.0,108.43040313720704,0.7778639445306244,27,False,1.0,0.135
fall_line,2,1141.449951171875,29.117294311523438,877.0,108.43040313720704,0.7778639445306244,27,False,1.0,0.147
ga,0,1000.1132202148438,73.44239044189453,942.3291625976562,46.19110336303711,0.1808957087847567,1,False,199936.0,40.618
ga,1,69.07089233398438,67.57670593261719,937.9894409179688,49.9693187713623,0.13161078730759843,0,False,199936.0,44.663
ga,2,1000.11572265625,67.01063537597656,937.0653076171875,50.34178619384766,0.13403446540553354,1,False,199936.0,49.17
hybrid,0,62.27082443237305,60.77775955200195,935.9117431640625,55.43610534667969,0.08225218100541694,0,False,199999.0,599.052
hybrid,1,60.24925994873047,58.93150329589844,937.6453857421875,57.278759765625004,0.06589291901629395,0,False,199999.0,755.234
hybrid,2,60.10968017578125,58.784542083740234,937.3785400390625,57.40561408996582,0.06577850248607402,0,False,199999.0,731.212
